{"envelope":[1.1663954005506643,-0.835845704773271,0.7040717724110939,-0.4452756072101865,0.5476415891556543,0.27855394105601955,0.14279922486476931,-0.37505779284079926,-0.39549190629928943,0.15619312343125163,0.01555686454417462,0.21247383697504554,0.006437522054258448,-0.1561641727555968,-0.007188571903722203,0.031156391718800046,-0.05550113997038301,-0.04331298586095395,0.046232208208413984,0.037976788702399414,-0.021417519088984056,-0.0005514235045315209,0.05840855132787255,0.060994910811941416,-0.01023071681773243,0.021067733541463678,0.01890833528864315,0.031087781760060794,0.026276550577777898,-0.04790981121100308,-0.03897216351188752,-0.029758129678494262],"giraffe":[2.286932511121504,-0.3313130406332844,-0.8152454030138309,-0.7570579247356072,-0.059710721278107726,-0.22538578856105668,0.2096438392436682,0.19590309807626918,0.01983341803751661,-0.1276384827815426,-0.12279720604551943,-0.03541120816459519,0.030059336974828117,-0.05550574206340941,-0.037535073085610014,-0.028762912686423718,0.0966966626953352,0.04971585342223086,0.03179263741730057,-0.005834210336836579,-0.007347320214155439,0.025571434726890774,0.019107741544902926,-0.02591486226335888,0.053295036711253775,-0.05170461792578087,-0.01676228198634202,-0.00044252459733832986,0.030164090163714567,-0.011205910244833733,0.04127882958772192,0.002901296680489894],"harp":[3.365825034940653,-0.4201330858767836,-0.34339161377214594,0.3732518127482538,-0.1530898394281674,-0.03184767579695351,-0.3900280754846198,-0.3946798103661839,0.05738904369542054,-0.14185990546811206,0.010744726528102886,-0.035329014109077704,-0.18601220558052883,-0.010541840880211673,-0.0828859842136276,0.00727495926960766,0.09121153580499733,0.023691148713708178,-0.02127122213386704,-0.04382743665501597,-0.04540857685242276,0.009732853747156198,-0.013072259330017294,0.018785317990538383,0.007043098459374776,0.06515143050951482,0.016433558619188417,0.05022432304263215,-0.07109814717687886,0.027080628795361737,0.05883588969830773,-0.04852985068792444],"hourglass":[2.4021776954959804,1.2603029801210908,-0.13848312952795874,-0.2787229475459071,-0.009426979684709662,0.2145097201518559,0.22904934359399287,-0.08220036550044334,0.047417695150507186,0.08507730466131574,0.35796402302623187,0.27261688413797863,-0.1272822226810798,0.034764956435641106,-0.19657713046278003,0.04688540149970241,0.01073131863133087,-0.11662978586369097,0.00027333635967601597,0.04164613872635935,0.02980357666454008,-0.0020680825535471896,0.03667127260411858,-0.006156997317292184,0.008771795360127604,0.027647527781814545,0.006452773512052428,-0.019668849577241358,0.015134155460112087,0.000265702490101408,-0.04094742275677117,0.03135962305990127],"trousers":[1.694812590243386,0.8284895711656359,0.371836822503868,-0.310929358522544,-0.03769057770114073,0.16301678131739356,-0.1728145469177529,0.01314755995840855,-0.1452983484503519,0.13088499497396913,-0.17845756339563162,-0.25233617568983124,0.06759976523177376,-0.16077742962093264,0.4156107299636401,0.08368132498010962,-0.09071759507955882,0.09112263121389409,-0.019775866161652805,-0.11707834663797878,-0.052976460450083494,0.05995606368534505,-0.006924135575429502,-0.08846011614957819,0.02514591850260231,0.042180849500076154,-0.002198721208193074,-0.15324217590443717,0.03641606752023406,-0.04006112214347675,0.0036595501713588565,0.06568233407300073],"sun":[1.7077677139849776,-0.5887252737307465,0.16304716497512076,0.44199534812353314,-0.17577346968453922,-0.25229229773271533,0.17993067185657735,0.3135187919498213,0.13687739890996226,0.11881393344316427,-0.03858923012550526,0.13797451571294245,0.05305174066814376,-0.10329285027334704,0.11980692882875614,-0.012565237681030798,-0.015686579143256905,-0.010184137083685537,-0.047764927882643596,-0.0013740759651493558,0.015373523063227904,-0.014553959984387216,-0.07618062980089614,0.03382799799769975,-0.026980959141035977,0.02646262608535645,-0.06161992896467109,-0.07083424667209567,0.08747642299403846,-0.05499636833048578,-0.05557240691766426,0.039910519701888705],"hand":[1.623012833424701,-0.08273575496466685,0.45678311793816995,0.565560927454483,-0.11739133897629735,-0.09117718702011512,0.022176472096754794,0.18230704056794916,-0.15374651267037384,0.027734445601464125,0.047414512066860225,-0.10746594591835205,-0.1935591798457196,-0.009165657751389451,-0.0487048341177392,0.019718294989953825,0.006921986172311191,-0.017553189924258937,0.0646737697874252,-0.02948118174718798,-0.06784460891430065,0.05188094739998097,-0.020105835903306037,0.03369263349084381,0.050005043517109174,-0.07348220386552737,0.024723051785414486,0.029052135433362002,0.008467411315372857,-0.012663799139388834,-0.043919994034628526,0.045158584707241725],"sailboat":[1.771632137276343,-0.32747191197265085,-0.13426508031154089,-0.015344141704695483,0.2872674377942793,0.31477683597489425,-0.04396696688433961,0.4883570294244383,0.023561508350131898,-0.05481588289767318,0.036506041088744785,-0.19739309659296828,0.47988467273647173,0.17884734843491085,0.07573239102567134,-0.020322772643008788,-0.14607075089915492,-0.023003389537384736,-0.10907117147487722,0.021075558826197306,0.0007337107921240913,-0.14333407035629403,0.1214987085523384,-0.04668469062836973,-0.026307683957632517,-0.005515976656206858,-0.0030801784633943605,0.027070101636783177,0.012017773662838908,0.04323506420593935,-0.10588036914003632,-0.02159859339372257],"apple":[1.1779521421558643,0.4218445573525214,0.9026320169950065,0.1607056658120357,0.21749141364925134,-0.022280673853139317,-0.22074957305348192,0.2207410847588124,-0.051220605462456346,-0.17921969549508626,-0.03748808274233986,0.15804095716937752,0.28684765722262395,0.15413426701805874,-0.15595483909394972,-0.09993443718189116,0.0758155325201446,0.06157130165541512,0.059579534414794355,0.07161820408255734,-0.028373063099440293,-0.08492993108653178,-0.14273443440130326,0.030573865773835824,0.036055662559507234,-0.03342841676403012,-0.017697915758225387,0.12460727996728722,0.04064946605046728,-0.06366101676248463,0.02855594949588335,-0.09134831034645556],"t-shirt":[1.253264884858094,-0.13268760831308185,0.7980274318962319,-0.14437466416366138,-0.09169249183579006,-0.3617009823473822,0.278486197871055,-0.20590906534042747,0.15861573647448848,0.09218413780356158,-0.151761409688938,-0.08531213426150484,-0.22448141429247145,0.09912912092862335,0.054950334488188216,0.03143806759785663,-0.029011738384236783,-0.04293090957333483,-0.09281609104405278,0.03922330854589072,0.1756215348870968,0.03221579890855239,0.013364083962609543,0.0012984838439844212,-0.10810519755355041,-0.054602373973065964,-0.08812493728052577,0.010473276040208201,-0.034811372767073454,0.1478144297999455,0.12126345333466781,-0.030211509936346748]}